STATION,NAME,LATITUDE,LONGITUDE,ELEVATION
US1NYCQ0005,"KENNEDY 0.3 NE, NY US",42.15935,-79.09668,391.4
US1NYTM0027,"GROTON 3.2 SSW, NY US",42.547256,-76.399606,422.1
US1NYTM0023,"FREEVILLE 3.7 W, NY US",42.502107,-76.417953,352
USW00014732,"LAGUARDIA AIRPORT, NY US",40.77945,-73.88027,3
USW00014733,"BUFFALO NIAGARA INTERNATIONAL, NY US",42.93998,-78.73606,216.2
USW00014735,"ALBANY INTERNATIONAL AIRPORT, NY US",42.74722,-73.79913,85.4
US1NYWN0018,"MACEDON 2.6 ESE, NY US",43.052,-77.257,157.3
USC00307520,"SCHOHARIE, NY US",42.665,-74.3036,223.7
US1NYCQ0006,"FORESTVILLE 2.1 SW, NY US",42.447361,-79.204453,356.3
USC00306314,"OSWEGO, NY US",43.44991,-76.53685,98.8
US1NYTM0038,"TRUMANSBURG 0.4 WNW, NY US",42.542059,-76.6687,302.1
US1NYBM0055,"VESTAL 0.1 SW, NY US",42.08434,-76.05428,256
US1NYBM0052,"BINGHAMTON 2.9 NNE, NY US",42.14098,-75.88936,271.6
US1NYBM0056,"VESTAL 2.0 WSW, NY US",42.0713,-76.0887,278.3
US1NYFK0007,"SARANAC LAKE 6.2 N, NY US",44.413592,-74.152111,521.2
US1NYWN0026,"CLYDE 0.3 WNW, NY US",43.08472,-76.87586,122.5
US1NYWN0023,"LYONS 0.7 NNE, NY US",43.073758,-76.989898,135
USW00014747,"DUNKIRK CHAUTAUQUA CO AIRPORT, NY US",42.4932,-79.27623,203.9
USW00014748,"ELMIRA CORNING REGIONAL AIRPORT, NY US",42.15658,-76.90291,285.3
USC00305233,"MECKLENBURG 4 SW, NY US",42.4422,-76.7586,460.2
USW00094745,"WESTCHESTER CO AIRPORT, NY US",41.06236,-73.70454,112.9
USC00305597,"MOUNT MORRIS 2 W, NY US",42.7313,-77.9054,268.2
US1NYTM0004,"GROTON 0.5 NW, NY US",42.59127,-76.372,315.2
USC00304102,"INDIAN LAKE 2 SW, NY US",43.75477,-74.27558,509
USC00305236,"MEDINA, NY US",43.2231,-78.3953,164
US1NYTM0003,"ITHACA 1.1 SE, NY US",42.431732,-76.4886,198.1
US1NYTM0005,"FREEVILLE 1.5 NE, NY US",42.5253,-76.3218,327.1
US1NYCQ0022,"FREDONIA 0.8 WNW, NY US",42.444141,-79.346077,207.3
US1NYNS0066,"MANHASSET HILLS 0.2 NNE, NY US",40.76194,-73.67845,50.6
US1NYNS0065,"MASSAPEQUA 1.1 SE, NY US",40.655608,-73.459978,3.4
USC00302036,"DELHI 2 SE, NY US",42.2533,-74.905,445
USC00301068,"BUSKIRK, NY US",42.9361,-73.43257,152.1
USC00307425,"SANBORN 4 NE, NY US",43.17055,-78.81813,192.9
US1NYCQ0035,"FALCONER 0.3 WSW, NY US",42.11766,-79.20278,385.9
USC00300093,"ALLEGANY STATE PARK, NY US",42.1003,-78.7497,457.2
US1NYTM0018,"EAST ITHACA 4.7 E, NY US",42.4191,-76.3733,353.9
USW00014719,"WESTHAMPTON GABRESKI AIRPORT, NY US",40.85055,-72.61928,13.1
USR0000NSCH,"SCHROON LAKE NEW YORK, NY US",43.8,-73.7,249.9
USC00304207,"JAMESTOWN 4 ENE, NY US",42.11,-79.1591,381
USC00306465,"PAVILION 2, NY US",42.87347,-77.99243,353.6
US1NYCQ0039,"GERRY 0.8 N, NY US",42.205,-79.247,465.1
USW00004720,"JAMESTOWN, NY US",42.15,-79.25,525.2
USC00300085,"ALFRED, NY US",42.27985,-77.76643,586.4
US1NYBM0021,"WINDSOR 8.0 SE, NY US",42.00992,-75.51417,507.8
USW00004724,"NIAGARA FALLS INTERNATIONAL AIRPORT, NY US",43.1083,-78.93818,178.3
USW00004725,"BINGHAMTON GREATER AP, NY US",42.20678,-75.97993,485.7
US1NYBM0024,"BINGHAMTON 1.3 ENE, NY US",42.109808,-75.885822,259.4
US1NYSF0110,"ISLIP TERRACE 1.1 NNE, NY US",40.762742,-73.177641,14.3
US1NYCR0001,"FREETOWN 1.0 NE, NY US",42.53299,-76.021115,476.7
US1NYSF0114,"FISHERS ISLAND 0.5 NE, NY US",41.26305556,-72.01638889,13.7
US1NYCR0003,"WILLET 1.8 E, NY US",42.47385,-75.87249,427.3
USC00308412,"TAYLORVILLE, NY US",43.92806,-75.32147,303.3
USC00303346,"GOUVERNEUR 3 NW, NY US",44.354,-75.5123,128
USW00014771,"SYRACUSE HANCOCK INTERNATIONAL AIRPORT, NY US",43.1111,-76.10384,124.9
USC00307329,"RUSHFORD, NY US",42.3915,-78.2484,463.9
US1NYBM0014,"WHITNEY POINT 1.7 SSE, NY US",42.30837,-75.95695,385.9
US1NYSF0123,"CENTER MORICHES 0.5 N, NY US",40.80676,-72.798113,10.1
US1NYSF0007,"JAMESPORT 0.6 SSW, NY US",40.93639,-72.57778,6.1
US1NYSF0129,"BRIGHTWATERS 0.5 NNE, NY US",40.72422,-73.26074,7.9
USC00306480,"PENDLETON 1 NE, NY US",43.10085,-78.71406,179.5
US1NYSF0127,"RIDGE 1.5 SE, NY US",40.895707,-72.861132,35.7
USW00094704,"DANSVILLE MUNICIPAL AIRPORT, NY US",42.56985,-77.71426,195.9
US1NYTM0047,"ITHACA 5.4 SSW, NY US",42.368084,-76.526672,433.7
USC00300183,"ANGELICA, NY US",42.3108,-78.023,449.6
USC00300063,"ALCOVE DAM, NY US",42.4697,-73.9267,185
USC00301152,"CANANDAIGUA 3 S, NY US",42.84505,-77.28071,219.5
US1NYES0006,"OLMSTEDVILLE 4.6 NNE, NY US",43.8335,-73.89775,459.3
USW00094740,"SARANAC LAKE ADIRONDACK REGIONAL AIRPORT, NY US",44.39279,-74.20288,505.6
US1NYER0203,"SNYDER 0.6 SW, NY US",42.95979,-78.79337,204.2
US1NYTM0042,"ITHACA 6.4 E, NY US",42.4335,-76.3786,367
US1NYTM0045,"NEWFIELD HAMLET 4.3 S, NY US",42.29650116,-76.60676575,501.7
US1NYER0208,"ANGOLA 0.6 NNE, NY US",42.646111,-79.0275,207.9
USC00305280,"MEXICO 2 SW, NY US",43.43833,-76.26565,129.5
USW00014757,"POUGHKEEPSIE AIRPORT, NY US",41.62574,-73.88155,46.6
US1NYER0205,"HAMBURG 1.7 WNW, NY US",42.7362285830682,-78.8637925173508,228
US1NYES0005,"SCHROON LAKE 3.5 SW, NY US",43.808639,-73.818869,416.7
USC00301388,"CHASES LAKE, NY US",43.75923,-75.29982,390.4
USC00306376,"PALERMO 2 SSE, NY US",43.3319,-76.2691,135.6
USC00300055,"ALBION, NY US",43.26338,-78.21527,143.9
USC00301265,"CAYUGA LOCK NUMBER 1, NY US",42.948,-76.7342,115.8
USC00303444,"GREENE, NY US",42.32426,-75.77095,280.4
USW00014750,"GLENS FALLS AIRPORT, NY US",43.33849,-73.61024,97.7
USC00303322,"GLOVERSVILLE 7 NW PECK LAKE, NY US",43.115,-74.4236,443.5
USC00301264,"CATTARAUGUS 3 W, NY US",42.34311,-78.91234,520.6
US1NYER0211,"AKRON 3.6 W, NY US",43.02207,-78.5671,195.4
USW00094728,"NY CITY CENTRAL PARK, NY US",40.77898,-73.96925,42.7
US1NYSF0103,"RIDGE 1.8 SE, NY US",40.89581,-72.853872,21
US1NYSF0100,"PORT JEFFERSON STATION 0.3 SSW, NY US",40.919969,-73.069407,53.6
US1NYER0219,"WEST SENECA 2.8 ENE, NY US",42.852141,-78.700565,204.8
USW00014768,"ROCHESTER GREATER INTERNATIONAL, NY US",43.11723,-77.67539,164.5
US1NYES0012,"SARANAC LAKE 2.7 SSE, NY US",44.291044,-74.104373,476.7
US1NYES0011,"VERMONTVILLE 2.8 S, NY US",44.41205,-74.0676,518.2
US1NYWN0006,"PALMYRA 1.6 NW, NY US",43.0795,-77.2526,151.8
USW00094725,"MASSENA INTERNATIONAL AIRPORT, NY US",44.93341,-74.84836,60.9
US1NYAB0056,"ALBANY 2.4 WNW, NY US",42.676178,-73.843644,84.1
US1NYSF0153,"DEER PARK 1.0 NE, NY US",40.773427,-73.311858,31.1
US1NYLW0009,"GLENFIELD 0.9 SSW, NY US",43.6996192932129,-75.4103775024414,297.8
US1NYAB0047,"DELMAR 1.0 S, NY US",42.61013,-73.83172,63.7
US1NYSF0034,"BAY SHORE 0.5 ESE, NY US",40.723405,-73.240982,1.2
US1NYLW0003,"CONSTABLEVILLE 1.2 NW, NY US",43.575447,-75.446434,501.7
US1NYLW0002,"HARRISVILLE 4.7 SSW, NY US",44.093611,-75.365278,285.9
USC00307484,"SARATOGA SPRINGS 4 SW, NY US",43.0413,-73.82126,99.4
USC00306276,"ORIENT POINT STATE PARK, NY US",41.1321,-72.2584,0.9
USC00308577,"SYOSSET, NY US",40.8216,-73.4908,80.8
USC00309425,"WHITESVILLE 1 N, NY US",42.05983,-77.75539,661.4
USC00302454,"EAST SIDNEY, NY US",42.33278,-75.22982,352
USC00308578,"TRENTON FALLS, NY US",43.2761,-75.1566,243.8
US1NYMR0026,"WEBSTER 3.2 W, NY US",43.209917,-77.485066,125
US1NYMR0023,"ROCHESTER 5.0 WNW, NY US",43.203563,-77.703112,131.1
US1NYSF0044,"SHIRLEY 2.9 N, NY US",40.8374,-72.866779,29.3
US1NYMR0021,"PITTSFORD 4.0 SSE, NY US",43.03498,-77.49449,169.8
US1NYAB0066,"ALTAMONT 3.5 NW, NY US",42.737857,-74.089385,253.9
US1NYSF0049,"SAYVILLE 1.0 SSE, NY US",40.732633,-73.080656,4.6
USC00306164,"OGDENSBURG 4 NE, NY US",44.7281,-75.4442,85.3
USC00307134,"RIVERHEAD RESEARCH FARM, NY US",40.96245,-72.71612,30.5
USC00306047,"NORTH TONAWANDA, NY US",43.05734,-78.86171,176.2
USC00303773,"HEMLOCK, NY US",42.7743,-77.6083,274.9
USW00004789,"MONTGOMERY ORANGE CO AIRPORT, NY US",41.50908,-74.26458,108.2
US1NYCL0007,"PERU 4.1 ESE, NY US",44.564615,-73.453901,55.2
US1NYBM0004,"ENDICOTT 5.2 SSE, NY US",42.02958,-76.02129,317
USW00004781,"ISLIP LI MACARTHUR AIRPORT, NY US",40.79389,-73.10181,25.4
US1NYBM0007,"VESTAL 2.8 SSE, NY US",42.0493,-76.02883,303
US1NYAB0032,"GLENMONT 2.5 SW, NY US",42.575395,-73.799503,54.6
US1NYMR0055,"HONEOYE FALLS 1.7 NE, NY US",42.9700669,-77.5657322,199
US1NYQN0033,"HOWARD BEACH 0.4 NNW, NY US",40.662099,-73.841345,2.1
US1NYSF0134,"SETAUKET EAST SETAUKET 0.7 SSW, NY US",40.920423,-73.107169,26.5
US1NYQN0039,"LITTLE NECK 0.3 SE, NY US",40.7589466,-73.7289427,69.2
US1NYSF0016,"NORTHPORT 1.6 NNE, NY US",40.9234,-73.3305,25.6
US1NYSF0138,"SAYVILLE 0.2 SE, NY US",40.745169,-73.083736,7.9
USC00300379,"BALDWINSVILLE, NY US",43.15,-76.3333,115.5
USC00309442,"WHITNEY POINT DAM, NY US",42.3419,-75.9653,317
USC00301102,"CALLICOON CENTER, NY US",41.82737,-74.95065,372.2
US1NYOD0067,"HOLLAND PATENT 0.6 SSE, NY US",43.23294,-75.25369,181.7
USC00301580,"CLYDE LOCK 26, NY US",43.05901,-76.83844,119.5
US1NYOD0066,"NEW HARTFORD 1.0 WSW, NY US",43.06798,-75.30951,226.8
US1NYAB0041,"ALBANY 0.3 ESE, NY US",42.664086,-73.793493,64.9
US1NYAB0046,"RAVENA 1.4 NNW, NY US",42.495718,-73.821758,50.6
US1NYSL0006,"HANNAWA FALLS 0.1 SW, NY US",44.611539,-74.971905,171
US1NYCL0012,"SARANAC 0.8 SSE, NY US",44.639802,-73.738484,253
US1NYMR0050,"WEBSTER 3.0 W, NY US",43.212721,-77.481,119.8
US1NYLW0013,"GLENFIELD 4.1 NNE, NY US",43.75991,-75.363057,299.9
US1NYSF0148,"MATTITUCK 1.6 SSE, NY US",40.98276,-72.53047,1.5
USC00306062,"NORTHVILLE, NY US",43.1592,-74.2042,240.8
US1NYOD0060,"SAUQUOIT 1.6 WSW, NY US",42.995505,-75.288519,432.8
USC00307274,"ROSENDALE 2 E, NY US",41.84807,-74.04726,37.2
US1NYOD0061,"SYLVAN BEACH 1.6 NW, NY US",43.224075,-75.747136,116.4
USC00300364,"BAITING HOLLOW, NY US",40.93446,-72.74079,21.3
USC00301211,"CARMEL 4 N, NY US",41.4725,-73.655,207.3
USC00308248,"STILLWATER RESERVOIR, NY US",43.89131,-75.03612,515.1
US1NYCB0023,"CHATHAM 0.7 SW, NY US",42.35592,-73.60839,137.5
US1NYCB0024,"VALATIE 0.5 S, NY US",42.4073025,-73.6747823,93.3
US1NYSF0073,"BRIGHTWATERS 0.7 NNW, NY US",40.7259788513184,-73.2727508544922,10.4
US1NYSF0070,"SHELTER ISLAND HEIGHTS 2.1 SSW, NY US",41.0495567321777,-72.3621826171875,4.6
US1NYSF0077,"NESCONSET 1.4 SSW, NY US",40.828998,-73.16433,31.1
US1NYSF0074,"ISLIP TERRACE 0.5 W, NY US",40.747171,-73.19658,7.9
US1NYSF0079,"SMITHTOWN 2.0 SSW, NY US",40.8304328918457,-73.2285308837891,13.4
US1NYOT0011,"HARTWICK, NY US",42.6599,-75.05,406.9
US1NYLV0001,"DANSVILLE 3.6 WSW, NY US",42.5321,-77.7554,462.1
USC00306196,"OLEAN, NY US",42.0737,-78.4518,432.8
USC00308132,"SPRINGVILLE 5 NE, NY US",42.5497,-78.5767,515.4
US1NYLV0005,"DANSVILLE 1.0 ENE, NY US",42.568015,-77.678981,458.7
US1NYCB0016,"VALATIE 2.9 N, NY US",42.456554,-73.668121,100.9
US1NYGN0013,"BATAVIA 3.4 WSW, NY US",42.988665,-78.247293,271.9
USC00303983,"HORNELL ALMOND DAM, NY US",42.3488,-77.7044,403.9
US1NYCB0019,"VALATIE 3.2 NE, NY US",42.452999,-73.640381,163.4
US1NYCB0015,"ANCRAMDALE 0.2 N, NY US",42.020782,-73.592534,186.2
USW00094790,"WATERTOWN INTERNATIONAL AIRPORT, NY US",43.98872,-76.02609,94.7
US1NYSF0080,"REMSENBURG SPEONK 0.9 NE, NY US",40.8239,-72.6947,10.1
US1NYSF0084,"CENTEREACH 1.3 NE, NY US",40.88533,-73.06694,31.1
US1NYSF0085,"PATCHOGUE 0.9 SE, NY US",40.751594543457,-73.0092391967773,1.2
US1NYGN0006,"STAFFORD 1.8 NE, NY US",42.9989,-78.0483,274
USR0000NSHR,"SHERBURNE NEW YORK, NY US",42.7,-75.5,335.3
US1NYSF0089,"AMITYVILLE 0.1 WSW, NY US",40.668899,-73.418342,3.7
USC00309593,"WYOMING 3 W, NY US",42.82025,-78.14782,475.2
US1NYCT0002,"RANDOLPH 1.1 ENE, NY US",42.170556,-78.961201,406.9
USC00306085,"NORWICH, NY US",42.5117,-75.5197,301.4
US1NYCB0009,"HILLSDALE 5.8 S, NY US",42.261653,-73.541606,377
USC00300343,"AVON, NY US",42.9203,-77.7557,166.1
USW00094789,"JFK INTERNATIONAL AIRPORT, NY US",40.63915,-73.7639,2.7
USC00300220,"ARCADE, NY US",42.53482,-78.45724,434.9
USC00303851,"HIGHMARKET 2 W, NY US",43.60514,-75.55438,549.9
US1NYMR0015,"BROCKPORT 0.6 WNW, NY US",43.21615,-77.95253,117.7
US1NYCT0030,"FRANKLINVILLE 3.5 E, NY US",42.3366,-78.38794,618.7
USC00301309,"CENTERPORT, NY US",40.88345,-73.37309,9.1
US1NYOT0035,"RICHFIELD SPRINGS 4.6 SSE, NY US",42.79,-74.961,450.8
USC00301787,"CORNING, NY US",42.1341,-77.0691,349.6
USC00303961,"HOOKER 12 NNW, NY US",43.8524,-75.7158,450.5
USC00300331,"AURORA RESEARCH FARM, NY US",42.7338,-76.6591,253
USC00309248,"WESTMORELAND 4 N, NY US",43.1595,-75.4611,172.2
USC00304912,"LOWVILLE, NY US",43.7929,-75.4829,263
US1NYCT0025,"ISCHUA 0.4 SSE, NY US",42.2429962158203,-78.3964233398438,466
US1NYSF0062,"COPIAGUE 0.4 ENE, NY US",40.672621,-73.383889,3.7
US1NYOT0030,"MOUNT VISION 1.4 SW, NY US",42.561726,-75.072693,425.8
US1NYOT0031,"MARYLAND 1.8 W, NY US",42.5331,-74.9209,496.8
US1NYSF0060,"BLUE POINT 0.4 E, NY US",40.750674,-73.027956,5.2
US1NYOT0026,"RICHFIELD SPRINGS 4.1 SSE, NY US",42.796397,-74.965803,474.6
US1NYCT0022,"FRANKLINVILLE 0.5 NNE, NY US",42.341661,-78.452813,488.6
US1NYGN0020,"ALDEN 2.5 SE, NY US",42.874609,-78.458043,311.8
USC00303955,"HONEOYE, NY US",42.79148,-77.51331,243.8
USC00309499,"WILMINGTON 2 W, NY US",44.3931,-73.8589,615.7
US1NYGN0023,"BATAVIA 1.4 E, NY US",42.9965178,-78.1541113,NA
USC00300321,"AUBURN, NY US",42.9327,-76.5447,234.7
USC00300684,"BINGHAMTON WEATHER FORECAST OFFICE, NY US",42.2116,-75.9858,487.7
USC00300443,"BATAVIA, NY US",43.02966,-78.16822,278.3
US1NYER0063,"GLENWOOD 1.5 SE, NY US",42.601951,-78.63909,430.1
US1NYOS0015,"MINETTO 0.1 SE, NY US",43.397711,-76.479583,107
USW00054746,"MONTICELLO SULLIVAN, NY US",41.70139,-74.795,427.6
US1NYWC0006,"SOUTH SALEM 2.1 NW, NY US",41.3003,-73.57,151.5
US1NYWR0021,"BRANT LAKE 1.7 ENE, NY US",43.682236,-73.718386,382.2
US1NYER0189,"HAMBURG 2.0 N, NY US",42.753373,-78.834529,222.5
USC00304808,"LITTLE VALLEY, NY US",42.2473,-78.8125,495.3
US1NYER0066,"EAST AURORA 1.0 ESE, NY US",42.7645,-78.598,310
US1NYNG0047,"SANBORN 3.0 NNE, NY US",43.175877,-78.857251,150.9
US1NYDL0028,"FLEISCHMANNS 5.7 N, NY US",42.237796,-74.523357,760.8
US1NYSR0004,"SARATOGA SPRINGS 0.5 S, NY US",43.06032,-73.780087,94.5
USC00300317,"ATTICA 7 SW, NY US",42.8107,-78.3979,416.1
US1NYDL0025,"HOBART 4.8 ESE, NY US",42.3523,-74.5783,676.7
USC00309389,"WHITEHALL, NY US",43.5575,-73.4011,36.3
US1NYDL0023,"LONG EDDY 6.5 NNE, NY US",41.9351,-75.0784,532.2
USC00302610,"ELMIRA, NY US",42.0997,-76.8358,288.6
US1NYNG0044,"NORTH TONAWANDA 1.4 WNW, NY US",43.0517292,-78.8908272,194.8
US1NYER0075,"ELMA CENTER 0.7 SE, NY US",42.81935408,-78.62138546,265.8
US1NYOD0002,"POINT ROCK 0.6 SE, NY US",43.37335,-75.53836,335.3
USW00054757,"WELLSVILLE MUNICIPAL AIRPORT, NY US",42.10775,-77.98424,637.6
US1NYER0194,"GLENWOOD 1.0 SE, NY US",42.6074,-78.6461,402.6
US1NYER0072,"TONAWANDA 3.1 NE, NY US",43.01368,-78.82959,173.7
US1NYWR0017,"LAKE GEORGE 1.0 N, NY US",43.4403,-73.7126,181.4
US1NYOS0001,"LACONA 3.6 SSE, NY US",43.59643,-76.03732,191.4
US1NYWY0007,"VARYSBURG 3.1 E, NY US",42.7564635872841,-78.2488560676575,517.6
US1NYWR0015,"LAKE GEORGE 5.0 ESE, NY US",43.4003974,-73.6226676,127.7
US1NYOD0004,"BOONVILLE 0.2 NW, NY US",43.483333,-75.333333,345.9
US1NYWR0010,"WARRENSBURG 2.1 WNW, NY US",43.5178451538086,-73.8106918334961,202.4
USC00300668,"BIG MOOSE 3 SE, NY US",43.8176,-74.87263,591.3
USC00300785,"BOONVILLE 4 SSW, NY US",43.4361,-75.3697,472.4
US1NYNG0055,"LOCKPORT 0.9 E, NY US",43.17042,-78.678185,186.5
USC00301752,"COOPERSTOWN, NY US",42.7166,-74.9266,383.1
US1NYER0086,"TONAWANDA 1.5 NNE, NY US",43.00506667,-78.86601667,176.5
US1NYHR0020,"OLD FORGE 0.3 NE, NY US",43.7127,-74.9694,519.1
US1NYHR0023,"HERKIMER 0.6 SSE, NY US",43.021594,-74.986639,116.7
USR0000NSTO,"STONYKILL NEW YORK, NY US",41.5,-73.9,61
US1NYCN0016,"BAINBRIDGE 2.9 WSW, NY US",42.287202,-75.536347,348.7
US1NYSF0092,"AMITYVILLE 0.6 NNE, NY US",40.677211,-73.410293,6.1
US1NYNG0027,"LOCKPORT 2.8 WNW, NY US",43.189778,-78.744251,139.6
USC00301625,"COLDEN 1 W, NY US",42.6472,-78.7111,467.9
USC00309047,"WAVERLY, NY US",42.00193,-76.52497,243.8
USW00054773,"FULTON OSWEGO CO AIRPORT, NY US",43.35037,-76.38316,143.5
USC00309049,"WEBSTER 2 NE, NY US",43.2419,-77.3882,83.8
US1NYDT0035,"PLEASANT VALLEY 1.7 S, NY US",41.7237,-73.821,116.7
USW00054778,"PENN YAN AIRPORT, NY US",42.64405,-77.05286,267.4
US1NYER0096,"ELMA 2.7 WSW, NY US",42.8100395202637,-78.681266784668,254.5
USC00304952,"MACEDON, NY US",43.0731,-77.30196,142
US1NYDT0034,"HOPEWELL JUNCTION 2.8 NE, NY US",41.61016,-73.75855,103.6
US1NYDT0032,"MILLBROOK 2.5 NE, NY US",41.81,-73.659,232.6
US1NYRN0023,"WYANTSKILL 2.6 SW, NY US",42.663699,-73.687678,114
USC00305925,"NORTH CREEK 5 SE, NY US",43.6611,-73.8969,271.3
US1NYHR0018,"SALISBURY CENTER 1.8 NW, NY US",43.1626,-74.8088,423.4
US1NYRN0020,"TROY 2.1 NNE, NY US",42.759301,-73.65283,135.9
US1NYCN0002,"NORWICH 5.7 NE, NY US",42.583333,-75.433333,548.6
US1NYHR0016,"ILION 0.7 WSW, NY US",43.0088071,-75.0539063,160.9
US1NYER0098,"AMHERST 5.4 NNE, NY US",43.052068,-78.764317,176.8
USC00309292,"WEST POINT, NY US",41.3906,-73.9608,97.5
USC00300889,"BRIDGEHAMPTON, NY US",40.952,-72.2977,12.8
USW00054780,"MONTAUK AIRPORT, NY US",41.073056,-71.923505,2
US1NYSC0002,"SCOTIA 1.1 NW, NY US",42.844727,-73.974841,83.5
US1NYNG0030,"LOCKPORT 2.5 ESE, NY US",43.15207,-78.65338,195.7
USC00301974,"DANSVILLE, NY US",42.56477,-77.71762,201.2
US1NYNG0032,"RAPIDS 1.0 SW, NY US",43.0918,-78.6568,178.9
US1NYDT0037,"RHINEBECK 3.4 N, NY US",41.97735,-73.90559,75.9
USW00054787,"FARMINGDALE REPUBLIC AIRPORT, NY US",40.73443,-73.41637,22.8
US1NYRN0015,"TROY 0.7 E, NY US",42.735585,-73.662524,132.3
US1NYRN0013,"TROY 6.9 NE, NY US",42.79035,-73.56226,209.7
USC00304844,"LOCKPORT 4 E, NY US",43.18769,-78.60912,185.9
US1NYSC0017,"PATTERSONVILLE 4.2 SSW, NY US",42.831642,-74.115236,389.2
US1NYSC0016,"NISKAYUNA 2.0 N, NY US",42.846449,-73.899173,82.9
US1NYMR0078,"WEBSTER 4.8 W, NY US",43.20533,-77.51705,129.8
US1NYAB0010,"RENSSELAERVILLE 2.1 NNW, NY US",42.545481,-74.147484,488.3
US1NYCM0021,"ELMIRA 1.2 WNW, NY US",42.1021347045898,-76.8303680419922,284.1
US1NYMR0084,"FAIRPORT 0.9 W, NY US",43.09827,-77.46167,129.5
US1NYOR0004,"WARWICK 3.2 WNW, NY US",41.268357,-74.415952,189.3
USC00302934,"FORT DRUM, NY US",44.05924,-75.71006,213.4
US1NYYT0012,"PENN YAN 5.1 NNW, NY US",42.7327308,-77.0778852,334.7
US1NYYT0013,"PENN YAN 7.2 NE, NY US",42.745432,-76.97246,148.4
US1NYCM0024,"CHEMUNG 5.7 N, NY US",42.0913,-76.6281,325.8
US1NYNG0002,"NORTH TONAWANDA 1.0 NNE, NY US",43.05725,-78.86175,176.2
USC00300870,"BREWERTON LOCK 23, NY US",43.2386,-76.1964,114.9
US1NYOD0043,"HOLLAND PATENT 1.1 WNW, NY US",43.2470657676458,-75.2775424718857,237.4
US1NYMG0001,"FORT PLAIN 0.2 SE, NY US",42.929985,-74.62643,94.2
US1NYSC0027,"NISKAYUNA 2.9 SSE, NY US",42.779114,-73.872421,114
US1NYRN0001,"AVERILL PARK 0.9 WNW, NY US",42.6391,-73.5698,192.9
US1NYSC0026,"NISKAYUNA 0.4 S, NY US",42.81078,-73.89764,125.9
US1NYMG0005,"AMSTERDAM 1.0 NNW, NY US",42.95467,-74.20085,163.1
US1NYOR0021,"PORT JERVIS 2.9 ESE, NY US",41.3599,-74.6409,416.1
US1NYMG0003,"HESSVILLE 1.8 WSW, NY US",42.8643,-74.7214,320
US1NYMG0002,"FONDA 5.2 W, NY US",42.964282,-74.47564,291.4
US1NYAB0023,"ALBANY 0.7 SW, NY US",42.660193,-73.810343,78
US1NYAB0021,"NWS ALBANY, NY US",42.6812,-73.8165,79.2
US1NYMR0065,"SCOTTSVILLE 0.4 NW, NY US",43.02539,-77.75963,180.4
US1NYOR0019,"GREENWOOD LAKE 3.0 SW, NY US",41.189,-74.3265,195.1
USC00309072,"WELLSVILLE, NY US",42.1173,-77.9475,460.2
US1NYOR0018,"WALDEN 1.3 S, NY US",41.541027,-74.1879,125.9
US1NYOR0017,"PINE BUSH 3.4 WSW, NY US",41.587962,-74.357663,126.8
US1NYQN0026,"JACKSON HEIGHTS 0.3 WSW, NY US",40.754411,-73.888164,18
US1NYOL0005,"MEDINA 0.4 WNW, NY US",43.223,-78.39539,164.6
US1NYNG0012,"LOCKPORT 0.8 NE, NY US",43.176446,-78.683391,158.8
USC00305714,"NEWCOMB, NY US",43.9707,-74.222,502
USC00305715,"NEWFANE, NY US",43.28809,-78.7068,104.2
US1NYOD0019,"NEW HARTFORD 0.8 S, NY US",43.06182,-75.289864,211.8
US1NYWS0008,"GRANVILLE 9.5 SW, NY US",43.31163,-73.39613,234.4
US1NYSY0001,"SMITH VALLEY 1.9 SE, NY US",42.39072,-76.71761,426.1
USC00301708,"CONKLINGVILLE DAM, NY US",43.3203,-73.9256,246.3
USW00064775,"ROME GRIFFISS AIRFIELD, NY US",43.22417,-75.39563,144.7
USW00064776,"PLATTSBURGH INTERNATIONAL AIRPORT, NY US",44.63923,-73.46312,50.4
US1NYWS0010,"SALEM 2.3 SSE, NY US",43.143967,-73.307856,246.3
US1NYSC0032,"SCHENECTADY 1.5 ENE, NY US",42.813476,-73.902739,121.3
US1NYSC0031,"NISKAYUNA 0.7 NE, NY US",42.824535,-73.887249,119.8
US1NYSC0030,"AMSTERDAM 6.4 E, NY US",42.934625,-74.065023,214.6
USC00305840,"NIAGARA FALLS, NY US",43.0856,-78.972,179.2
US1NYOD0023,"DURHAMVILLE 3.5 NNW, NY US",43.17115,-75.68279,120.1
USC00304996,"MALONE, NY US",44.8418,-74.306,267.6
USC00305606,"MOUNT SINAI, NY US",40.933,-73.0191,15.2
US1NYAB0001,"ALTAMONT 2.7 SSW, NY US",42.66696,-74.05088,445
US1NYSY0011,"DUNDEE 6.2 E, NY US",42.5221,-76.8558,331.9
USC00300608,"BENNETTS BRIDGE, NY US",43.5318,-75.9526,201.2
US1NYCM0010,"VAN ETTEN 0.3 ENE, NY US",42.2,-76.55,182.9
US1NYCM0017,"PINE CITY 3.1 SE, NY US",42.002183,-76.830849,484
US1NYYT0008,"MIDDLESEX 3.5 S, NY US",42.6539,-77.266,286.5
US1NYCM0013,"ELMIRA 0.7 WNW, NY US",42.097495,-76.823097,269.4
US1NYST0003,"SOUTH CORNING 4.7 S, NY US",42.05672,-77.04847,527.3
US1NYER0104,"WILLIAMSVILLE 2.2 NNW, NY US",42.99422,-78.752629,179.5
US1NYOG0046,"BALDWINSVILLE 3.5 NE, NY US",43.195063,-76.288349,118.9
US1NYER0102,"CHEEKTOWAGA 2.7 NE, NY US",42.941192,-78.719333,214.3
US1NYTG0005,"BERKSHIRE 2.0 N, NY US",42.334631,-76.189915,335.3
US1NYTG0008,"APALACHIN 2.8 ESE, NY US",42.052877,-76.119857,315.2
US1NYAL0002,"WEST ALMOND 3.6 SW, NY US",42.27055,-77.94195,555.7
US1NYST0010,"SAVONA 4.7 S, NY US",42.216667,-77.216667,451.1
US1NYHM0011,"INLET 0.8 SE, NY US",43.7451,-74.7827,545
US1NYHM0010,"LAKE PLEASANT 2.3 WSW, NY US",43.4549,-74.45287,538.6
USC00304537,"LAKE LUZERNE, NY US",43.2613,-73.8343,185.9
US1NYER0236,"BUFFALO 3.9 N, NY US",42.945674,-78.847334,186.5
US1NYER0234,"EAST AMHERST 1.3 WSW, NY US",43.0131,-78.7222,178.3
USC00300707,"BLACK RIVER, NY US",44.0002,-75.813,158.5
US1NYTG0015,"BERKSHIRE 1.9 ENE, NY US",42.3191,-76.2194,470.9
US1NYAL0011,"WELLSVILLE 2.4 ENE, NY US",42.1375,-77.9055,478.2
US1NYOG0028,"BREWERTON 1.5 ESE, NY US",43.228345,-76.113248,118.9
US1NYER0245,"CHEEKTOWAGA 1.9 NNW, NY US",42.934651,-78.764595,203.3
US1NYER0122,"CHEEKTOWAGA 2.4 NW, NY US",42.9345703125,-78.7829513549805,204.5
US1NYKN0025,"BROOKLYN 3.1 NW, NY US",40.6846,-73.9867,5.5
US1NYTG0028,"ENDICOTT 3.7 WSW, NY US",42.076295,-76.129914,341.1
US1NYJF0030,"WEST CARTHAGE 0.3 ENE, NY US",43.9749374389648,-75.6164016723633,240.8
USC00300937,"BROCKPORT, NY US",43.216,-77.9529,151.8
US1NYTG0026,"CANDOR 0.7 NW, NY US",42.234287,-76.347584,274.9
US1NYUL0015,"STONE RIDGE 0.7 N, NY US",41.85155,-74.151624,117.7
US1NYUL0016,"ROSENDALE VILLAGE 1.8 WNW, NY US",41.8608333,-74.1075,90.8
US1NYST0033,"BATH 4.2 E, NY US",42.339689,-77.236666,503.5
US1NYUL0019,"WOODSTOCK 0.8 ENE, NY US",42.04097,-74.095882,150.9
US1NYST0030,"CORNING 0.7 NNW, NY US",42.1573149,-77.060046,286.2
USC00304555,"LAKE PLACID 2 S, NY US",44.3042,-73.9839,575.5
USC00308910,"WALES, NY US",42.7392,-78.5878,345.9
USC00303087,"FULTON, NY US",43.3049,-76.3938,109.7
US1NYON0022,"GENEVA 1.2 SW, NY US",42.85122,-76.9987,183.5
USC00307705,"SHERBURNE, NY US",42.6773,-75.5066,333.8
USC00304174,"ITHACA CORNELL UNIVERSITY, NY US",42.44915,-76.44905,292.6
US1NYER0138,"EAST AURORA 3.4 NNE, NY US",42.814,-78.5967,269.4
US1NYOG0012,"CLAY 4.6 NW, NY US",43.2,-76.26,115.8
US1NYTG0030,"CANDOR 1.4 W, NY US",42.23136,-76.36536,285
US1NYER0135,"WEST SENECA 1.5 NW, NY US",42.853983,-78.771591,187.5
US1NYOG0010,"CAMILLUS 1.0 W, NY US",43.039618,-76.328271,247.5
US1NYUL0020,"ULSTER PARK 0.9 NNW, NY US",41.867677,-73.987955,53.6
US1NYSR0059,"GANSEVOORT 3.7 WNW, NY US",43.22415,-73.714793,128.3
US1NYUL0023,"WEST HURLEY 0.1 S, NY US",42.004552,-74.110947,185
US1NYHM0009,"HOFFMEISTER 2.0 E, NY US",43.386954,-74.677238,594.1
US1NYHM0008,"LONG LAKE 1.2 N, NY US",43.9907,-74.4188,546.5
US1NYSR0057,"TOWN OF PROVIDENCE 2.3 E, NY US",43.0943718,-73.995285,414.8
US1NYHM0006,"LONG LAKE 0.1 SSE, NY US",43.97155,-74.41997,506.6
US1NYST0045,"CORNING 2.9 N, NY US",42.188417,-77.064787,449.9
US1NYUL0028,"KERHONKSON 3.7 N, NY US",41.832149,-74.301159,273.1
US1NYJF0026,"MANNSVILLE 0.3 SE, NY US",43.7122459411621,-76.062126159668,189.6
US1NYST0044,"BATH 1.3 E, NY US",42.3401,-77.294,348.1
US1NYUL0029,"HIGHLAND 0.2 SW, NY US",41.714862,-73.968399,116.7
US1NYHM0001,"SPECULATOR 10.0 SSW, NY US",43.451331,-74.47115,524.9
US1NYON0018,"CANANDAIGUA 4.3 SE, NY US",42.840972,-77.225832,281
US1NYST0041,"PAINTED POST 0.7 SSE, NY US",42.1537,-77.0869,286.5
US1NYON0017,"CANANDAIGUA 4.6 S, NY US",42.822,-77.2884,256.6
USC00304684,"LE ROY 1 E, NY US",42.9736,-77.96719,272.8
USC00304564,"LAKE VIEW 1 NE, NY US",42.73186,-78.924,197.2
US1NYDT0024,"RED HOOK 1.2 NNE, NY US",42.009676,-73.864194,65.8
USC00304565,"LAKESIDE, NY US",43.3667,-78.2791,87.8
US1NYDT0023,"BEACON 0.7 SE, NY US",41.49696,-73.95587,70.7
US1NYCQ0042,"DEWITTVILLE 1.0 SSE, NY US",42.225406,-79.438151,409.7
US1NYCQ0041,"MAYVILLE 0.2 ESE, NY US",42.25194,-79.49809,432.2
US1NYFL0009,"NORTHVILLE 0.6 N, NY US",43.23027778,-74.17222222,266.7
US1NYFL0007,"BROADALBIN 4.7 ESE, NY US",43.039401,-74.108452,285.3
US1NYRC0016,"STATEN ISLAND 2.6 N, NY US",40.615654,-74.145561,11.3
US1NYUL0031,"HURLEY 2.2 S, NY US",41.881496,-74.056262,50
US1NYNS0046,"MASSAPEQUA PARK 1.2 N, NY US",40.698077,-73.449893,10.7
US1NYCY0002,"CAYUGA 3.2 ESE, NY US",42.89659,-76.67266,158.5
US1NYUL0034,"WALLKILL 3.7 E, NY US",41.6184,-74.0938,170.7
US1NYSR0046,"SCHUYLERVILLE 1.6 SSW, NY US",43.0823,-73.5972,64
USC00300910,"BRISTOL HARBOUR, NY US",42.7479,-77.3426,286.5
USW00054790,"SHIRLEY BROOKHAVEN AIRPORT, NY US",40.82121,-72.86742,20
US1NYCY0005,"DUCK LAKE, NY US",43.142047,-76.688879,122.2
US1NYUL0037,"SAUGERTIES 4.7 NW, NY US",42.121655,-74.014073,114.6
US1NYUL0038,"HIGHLAND 2.3 NW, NY US",41.738779,-73.999533,112.8
US1NYUL0039,"HIGHLAND 2.6 NNE, NY US",41.752564,-73.948472,74.4
US1NYCY0008,"AUBURN 8.3 SSE, NY US",42.828694,-76.486712,320
US1NYMD0022,"ONEIDA 0.4 NW, NY US",43.08012,-75.66858,172.2
US1NYSR0040,"MECHANICVILLE 3.4 WSW, NY US",42.888751,-73.754659,114.3
US1NYDT0029,"POUGHKEEPSIE 5.3 S, NY US",41.61955,-73.91306667,51.5
USC00307842,"SODUS 1 W, NY US",43.2359,-77.0841,135.3
USC00304575,"LANSING MANOR, NY US",42.4486,-74.4653,338.3
US1NYER0151,"CLARENCE CENTER 0.2 ESE, NY US",43.007421,-78.629174,197.5
US1NYWC0035,"LARCHMONT 1.1 NNE, NY US",40.94166,-73.74846,14.9
USC00308932,"WALTON 2, NY US",42.1847,-75.1455,451.1
US1NYER0150,"EDEN 1.4 SSE, NY US",42.634848,-78.886219,318.8
US1NYWC0034,"THORNWOOD 0.7 NW, NY US",41.120326,-73.776146,110.9
US1NYDT0012,"LAGRANGEVILLE 3.4 NE, NY US",41.6846,-73.7205,197.5
US1NYDT0010,"POUGHKEEPSIE 3.9 SSE, NY US",41.647,-73.897,72.5
USC00303184,"GENEVA RESEARCH FARM, NY US",42.8766,-77.0307,218.8
US1NYWC0037,"YORKTOWN HEIGHTS 1.6 E, NY US",41.26961,-73.75164,132.9
US1NYER0039,"HAMBURG 0.4 WSW, NY US",42.722525,-78.843324,241.4
USR0000NGAN,"GANG MILLS NEW YORK, NY US",42.1,-77.1,335.3
US1NYSR0029,"CLIFTON PARK 2.7 S, NY US",42.821268,-73.785458,88.1
US1NYER0158,"EAST AURORA 2.7 SSE, NY US",42.729368,-78.605611,330.7
US1NYRC0002,"STATEN ISLAND 1.4 SE, NY US",40.567385,-74.132695,21.9
US1NYWC0032,"BRIARCLIFF MANOR 1.3 NE, NY US",41.15012,-73.82329,91.7
US1NYRC0001,"STATEN ISLAND 4.5 SSE, NY US",40.542096,-74.147558,10.7
US1NYNS0042,"ALBERTSON 0.2 SSE, NY US",40.769131,-73.647484,43.3
US1NYMD0016,"CHITTENANGO 2.1 ESE, NY US",43.03297,-75.83482,208.2
US1NYOG0070,"SKANEATELES 9.1 SE, NY US",42.8408,-76.3164,405.4
US1NYOG0071,"LIVERPOOL 6.1 NNW, NY US",43.188769,-76.251939,132.9
US1NYNS0034,"WANTAGH 0.3 ESE, NY US",40.666824,-73.505371,4.3
US1NYCY0014,"CAYUGA 4.0 NNE, NY US",42.97516,-76.70716,143.9
US1NYMD0010,"CAZENOVIA 2.9 SE, NY US",42.90003,-75.81137,445.9
US1NYRL0008,"STONY POINT 0.7 NW, NY US",41.2349,-74.0079,42.7
USC00306525,"PERRYSBURG, NY US",42.4647,-79.003,368.8
US1NYWC0022,"SOUTH SALEM 0.8 N, NY US",41.284795,-73.552794,157.6
USC00305679,"NEWARK, NY US",43.04657,-77.08411,131.1
USC00303050,"FREEVILLE 1 NE, NY US",42.5178,-76.3351,317.6
US1NYPT0002,"BEACON 4.2 ESE, NY US",41.4807,-73.8911,260.3
US1NYSR0016,"BALLSTON SPA 2.9 ESE, NY US",42.99,-73.8,110.6
US1NYER0166,"BOSTON 2.5 NE, NY US",42.6548,-78.703,490.7
US1NYSR0022,"GREENFIELD CENTER 1.6 W, NY US",43.126838684082,-73.8785858154297,183.8
US1NYOG0061,"SKANEATELES 0.8 NNW, NY US",42.95538,-76.433621,285.6
US1NYCY0026,"AURORA 2.4 N, NY US",42.786382,-76.703445,152.7
US1NYNS0027,"PORT WASHINGTON 0.8 N, NY US",40.839167,-73.68025,52.1
US1NYDT0008,"MILLBROOK 3.2 SE, NY US",41.7523,-73.6488,312.1
US1NYGR0015,"ATHENS 0.3 WNW, NY US",42.268042,-73.81804,32.9
US1NYGR0014,"LEXINGTON 1.5 N, NY US",42.26024,-74.35875,583.1
USC00306774,"PORT JERVIS, NY US",41.3891,-74.6905,176.8
USC00307742,"SHRUB OAK, NY US",41.3325,-73.837,140.8
US1NYER0053,"WEST SENECA 1.9 W, NY US",42.836038,-78.789668,185.9
US1NYER0051,"CLARENCE CENTER 0.9 N, NY US",43.021179,-78.630996,192.3
USC00302197,"DUNKIRK, NY US",42.4718,-79.33371,192.3
US1NYER0050,"EAST AURORA 0.1 ENE, NY US",42.7675,-78.6158,280.1
US1NYWC0011,"PEEKSKILL 0.4 N, NY US",41.2944183349609,-73.9229278564453,54.6
US1NYWC0018,"ARMONK 0.3 SE, NY US",41.12996,-73.708161,117.3
USC00307749,"SILVER SPRINGS 3 N, NY US",42.7058,-78.0937,508.1
USC00308839,"VICTOR 2 NW, NY US",43.00299,-77.4484,199.3
US1NYER0059,"KENMORE 0.3 ESE, NY US",42.963156,-78.866894,186.5
US1NYER0057,"KENMORE 0.8 NW, NY US",42.973478,-78.881651,185
US1NYER0178,"WEST SENECA 2.5 SE, NY US",42.813745,-78.713997,236.8
US1NYER0177,"CLARENCE 3.8 SSW, NY US",42.960847,-78.665694,217
US1NYOG0052,"SYRACUSE 2.7 S, NY US",43.001525,-76.139518,131.1
US1NYER0054,"EAST AMHERST 1.2 WNW, NY US",43.02250248,-78.7189636,178
US1NYCY0034,"CAYUGA 1.7 NE, NY US",42.935817,-76.704183,151.8
US1NYCY0035,"AUBURN 5.1 WNW, NY US",42.96092,-76.66209,158.5
US1NYSR0015,"MALTA 2.6 NNW, NY US",43.008029,-73.803065,97.8
USC00306660,"PLATTSBURGH 1 S, NY US",44.6918,-73.4556,54.3
USC00307750,"SILVER CREEK, NY US",42.53848,-79.16654,198.1
US1NYDL0034,"SCHENEVUS 5.9 SSW, NY US",42.463813,-74.851466,492.9
US1NYWC0019,"ELMSFORD 0.8 SSW, NY US",41.042666,-73.822799,90.5
US1NYGR0006,"FREEHOLD 3.4 E, NY US",42.36045,-73.983468,229.8
USC00308962,"WARSAW 6 SW, NY US",42.6855,-78.2202,554.7
US1NYDL0032,"DELHI 6.6 WNW, NY US",42.321181,-75.029912,616.3
USC00308961,"WARSAW 4 W, NY US",42.7422,-78.20856,533.4
US1NYGR0007,"GREENVILLE 0.7 E, NY US",42.414,-74.009,248.7
USC00308600,"TROY LOCK AND DAM, NY US",42.7511,-73.6851,4.6
USC00308721,"UPTON COOP NWSFO NEW YORK, NY US",40.8656,-72.8643,24.4
